id,nombre,tipo,categoria,licencia,actualizado,creado,num_columnas,columnas,descripcion,enlace_ficha,url_json_sugerida,fecha_consulta
ryhf-m453,Permit Applications,dataset,Permitting,,2026-10-05T19:30:15.000Z,2019-05-14T19:20:53.000Z,43,under_review_date; review_started_date_excluding; pdoxbatch_date; collect_permit_fees_date; day_to_issuance; location; application_type; parcel_number; coo_date; coc_date; parcel_owner_name; processed_date; property_owner_name; temp_coo_date; prescreen_completed_date; worktype; private_provider_qualifier_name; pending_issuance_date; project_name; mainstreet_district; private_provider; neighborhood; application_status; geocoded_column; commissioner_district; plan_review_type; square_footage; private_provider_company_name; review_started_including; :@computed_region_u8wz_9eai; :@computed_region_bgqw_styj; :@computed_region_gsfg_ku74; estimated_cost; permit_address; contractor_name; contractor_address; contractor_phone_number; of_cycles; of_pdoxwkflw; issue_permit_date; permit_number; final_date; contractor,Permit Applications received and processed into the economic development information system. Applications are updated daily.,https://data.cityoforlando.net/d/ryhf-m453,https://data.cityoforlando.net/resource/ryhf-m453.json,2026-10-05
k3h7-bsnc,Orlando City Limits,map,Government/General,,2020-11-06T17:35:53.000Z,2015-09-09T14:19:41.000Z,0,,City Limit boundaries as adopted by City Council on 07/24/1995; Doc #28654; containing individual annexations adopted by City Council adding to the boundary.,https://data.cityoforlando.net/d/k3h7-bsnc,,2026-10-05
6kz6-6c7n,OPD Officer-Involved Shootings,dataset,Orlando Police,,2025-07-14T15:12:41.000Z,2016-07-07T20:33:54.000Z,26,suspect_age; geocoded_column; fatal_officer; suspect_s_weapon; suspect_race; suspect_name; officer_tenure; officer_age; officer_gender; ethnicity; officer_race; officer_name; date; case; officer_hit; number_of_suspects_involved; address; suspect_hit; number_of_officers_involved; incident_type; fatal; suspect_gender; :@computed_region_gsfg_ku74; :@computed_region_bgqw_styj; :@computed_region_u8wz_9eai; state_attorney_s_review_letter,This Data includes all officer-involved shootings since 2009.  Transparency is a priority for the Orlando Police Department and we will continue to include more information in this Dataset.  Starting in 2014 all officer-involved shooting investigations are reviewed by the State Attorney's Office. A ,https://data.cityoforlando.net/d/6kz6-6c7n,https://data.cityoforlando.net/resource/6kz6-6c7n.json,2026-10-05
7388-4re5,Business Tax Receipts,dataset,Permitting,,2026-10-05T19:30:18.000Z,2019-05-14T23:41:16.000Z,25,gpsy; :@computed_region_u8wz_9eai; :@computed_region_bgqw_styj; :@computed_region_gsfg_ku74; license_status; commissioner_district; phone; business_address; last_licensed_issue_date; business_email; years_open; geocoded_column; license_category; case_number; business_mailing_address; license_type; received_date; gpsx; employees; business_name; business_open_date; business_owner_name; main_street_district_name; neighborhood_name; business_close_date,"This data set includes all business tax receipts issued by Permitting Services since 2010. The Business Tax Receipts because they are operating multiple types of businesses. For more information visit CityofOrlando.net/permits Disclaimer: The data is derived from the Economic Development Platform, w",https://data.cityoforlando.net/d/7388-4re5,https://data.cityoforlando.net/resource/7388-4re5.json,2026-10-05
bkpt-5h2w,City Owned Vacant Lots,dataset,,,2026-02-04T18:23:14.000Z,2019-10-22T19:46:35.000Z,22,survey; address; zoning; department; property_id; address_notes; parcel; lot_size_sqft; lot_size_acres; platted_y_n; lot_dimensions_feet; max_far_excl_garage; geocoded_column; conforming_lot_58_1152; status; :@computed_region_bgqw_styj; :@computed_region_gsfg_ku74; :@computed_region_u8wz_9eai; n_s; district; disposition_status; notes,City Owned Vacant Lots,https://data.cityoforlando.net/d/bkpt-5h2w,https://data.cityoforlando.net/resource/bkpt-5h2w.json,2026-10-05
k6e8-nw6w,Code Enforcement Cases,dataset,Economic Development,,2026-10-05T19:30:38.000Z,2021-03-17T17:25:45.000Z,31,geocode; rescode; caseinfostatus; hx_exempt; :@computed_region_gsfg_ku74; :@computed_region_bgqw_styj; :@computed_region_u8wz_9eai; case_type; parcel_id; parassdvalue; resdt; derived_address; commissioner_district; location_notes; add_by; case_open_year; casedt; mainst_descript; nbrhd_descript; cmsnr_nm; code; gpsy; gpsx; src; apno; casetype; casename; days_to_resolve; case_comments; pa_dordesc; dept_of_revenue_class,Detail on Code Enforcement Cases opened in the City of Orlando over the last rolling 5 years.  Includes all Case Types and all Case Statuses. Information source is the Economic Development Information System. Refreshed daily.,https://data.cityoforlando.net/d/k6e8-nw6w,https://data.cityoforlando.net/resource/k6e8-nw6w.json,2026-10-05
68d3-ink8,Permit Applications for the past 365 days,chart,Permitting,,2026-10-05T19:30:15.000Z,2019-05-15T13:07:40.000Z,0,,Permit Applications received and processed into the economic development information system. Applications are updated daily.,https://data.cityoforlando.net/d/68d3-ink8,,2026-10-05
pcv8-6uj3,Construction Value for Permits Issued in the past 30 days,map,Permitting,,2026-10-05T19:30:15.000Z,2019-05-15T13:10:35.000Z,0,,Permit Applications received and processed into the economic development information system. Applications are updated daily.,https://data.cityoforlando.net/d/pcv8-6uj3,,2026-10-05
dpx3-qjrc,Neighborhoods,map,Government/General,,2020-11-06T17:56:13.000Z,2015-09-16T17:27:44.000Z,0,,"Neighborhoods as defined by representatives of Planning, Office of Communications and Neighborhood Relations and District Commissioners; having a large identifiable residential area with supporting commercial and civic uses.",https://data.cityoforlando.net/d/dpx3-qjrc,,2026-10-05
f63n-kp6t,BEWES Building Data,dataset,,,2024-05-06T21:33:12.000Z,2019-09-17T18:29:20.000Z,17,commnts; lat; compliance; year; :@computed_region_gsfg_ku74; :@computed_region_bgqw_styj; :@computed_region_u8wz_9eai; long; energy_sta; total_annu; weather_no; primary_us; site_energ; building_s; property_a; building_i; georeference_location,The City believes that benchmarking is an important best management practice and public disclosure of building energy performance promotes transparency and accountability. Sharing benchmarking data on a large scale will open up a conversation among all stakeholders and allow everyone to work toward ,https://data.cityoforlando.net/d/f63n-kp6t,https://data.cityoforlando.net/resource/f63n-kp6t.json,2026-10-05
ssrj-rbua,Short Term Rental Licenses,dataset,Permitting,,2026-10-05T19:30:43.000Z,2023-06-07T18:00:07.000Z,23,license_holder_email; last_action_date; issued_date; license_date; license_status; license_milestone; property_owner_zip; property_owner_address1; property_detail; property_owner_address2; property_owner_state; property_owner_country; property_owner_name1; license_holder_name; inactive_date; property_owner_name2; last_modify_date; license_holder_phone; property_owner_city; property_address; license_number; expire_date; next_renew_date,This data set of Short Term Rental Licenses (STRs) represents all Short-Term Property Rental permit requests submitted to the City of Orlando in the last 5 years.  Please refer to the City of Orlando’s requirements on Home Sharing Registration for additional details about this type of license.  Disc,https://data.cityoforlando.net/d/ssrj-rbua,https://data.cityoforlando.net/resource/ssrj-rbua.json,2026-10-05
822u-agiz,Orlando Streets,map,Government/General,,2020-11-06T18:01:20.000Z,2015-09-16T17:38:45.000Z,0,,"Inventory and geographic location of known public and private streets within Orlando.  This dataset was compiled using aerial photography, platted subdivisions, surveys and other recorded instruments.",https://data.cityoforlando.net/d/822u-agiz,,2026-10-05
vc5j-2gfw,Commissioner Districts,map,Government/General,,2020-11-06T18:03:01.000Z,2015-09-16T17:30:38.000Z,0,,Commissioner Districts as adopted by City Council on 10/31/2011; Doc #1110311102; effective for term beginning 06/01/2012.,https://data.cityoforlando.net/d/vc5j-2gfw,,2026-10-05
a29v-6iaz,Map of Vacant Properties,map,,,2026-02-04T18:23:14.000Z,2019-10-31T13:22:49.000Z,0,,,https://data.cityoforlando.net/d/a29v-6iaz,,2026-10-05
bhxy-4rji,Planning Applications,dataset,Permitting,,2026-10-05T19:30:52.000Z,2023-07-03T18:35:37.000Z,20,address; street_name; neighborhood; approval_date; applicant; application_status; commissioner_district; parcel_id; cra; application_number; gpsy; mainstreet_district; application_date; commissioner_name; application_comments; ordinance_number; application_description; last_action_date; application_name; gpsx,"Data set of all Planning Applications submitted to or Approved by the City of Orlando in the last 5 years (rolling), or that were updated in the last 5 years.  Disclaimer: This data is derived from the Economic Development Platform, we acknowledge there is always the possibility of mechanical or hum",https://data.cityoforlando.net/d/bhxy-4rji,https://data.cityoforlando.net/resource/bhxy-4rji.json,2026-10-05
qug8-7tpe,Map of Active Code Enforcement Cases,map,Economic Development,,2026-10-05T19:30:38.000Z,2023-02-03T13:37:54.000Z,0,,Detail on Code Enforcement Cases opened in the City of Orlando over the last rolling 5 years.  Includes all Case Types and all Case Statuses. Information source is the Economic Development Information System. Refreshed daily.,https://data.cityoforlando.net/d/qug8-7tpe,,2026-10-05
rrba-s48e,New Commercial Developments,filter,Permitting,,2026-10-05T19:30:15.000Z,2019-12-04T22:03:17.000Z,31,parcel_owner_name; contractor_phone_number; plan_review_type; estimated_cost; processed_date; under_review_date; prescreen_completed_date; of_cycles; of_pdoxwkflw; collect_permit_fees_date; geocoded_column; pending_issuance_date; issue_permit_date; pdoxbatch_date; day_to_issuance; commissioner_district; temp_coo_date; coo_date; contractor; contractor_name; review_started_date_excluding; review_started_including; permit_number; application_type; parcel_number; worktype; final_date; coc_date; permit_address; property_owner_name; contractor_address,Permit Applications received and processed into the economic development information system. Applications are updated daily.,https://data.cityoforlando.net/d/rrba-s48e,,2026-10-05
75b6-g9zg,BUILDING 1000 PERMITS,filter,Permitting,,2026-10-05T19:30:15.000Z,2022-04-19T14:56:52.000Z,31,review_started_including; temp_coo_date; final_date; worktype; estimated_cost; of_cycles; of_pdoxwkflw; collect_permit_fees_date; geocoded_column; pending_issuance_date; issue_permit_date; pdoxbatch_date; day_to_issuance; contractor_name; contractor; parcel_owner_name; property_owner_name; commissioner_district; contractor_address; processed_date; coo_date; coc_date; contractor_phone_number; plan_review_type; parcel_number; permit_address; under_review_date; permit_number; application_type; review_started_date_excluding; prescreen_completed_date,Permit Applications received and processed into the economic development information system. Applications are updated daily.,https://data.cityoforlando.net/d/75b6-g9zg,,2026-10-05
hjcw-y8yw,Lobbyist Listings,dataset,Citywide,,2021-11-22T21:56:05.000Z,2019-07-11T20:41:15.000Z,4,registration_date; representing; first_name; last_name,Registered lobbyists at the City of Orlando,https://data.cityoforlando.net/d/hjcw-y8yw,https://data.cityoforlando.net/resource/hjcw-y8yw.json,2026-10-05
38c3-xmnz,Main Streets,map,Economic Development,,2016-02-22T23:20:27.000Z,2016-02-22T23:20:26.000Z,0,,Orlando Main Street Districts,https://data.cityoforlando.net/d/38c3-xmnz,,2026-10-05
jna8-qtxa,Copy of Contractors List,chart,Permitting,,2026-10-05T19:30:15.000Z,2023-01-03T19:40:09.000Z,0,,,https://data.cityoforlando.net/d/jna8-qtxa,,2026-10-05
bryb-dk2u,Orlando Hydrology,map,Government/General,,2016-03-24T20:47:37.000Z,2015-10-30T15:16:46.000Z,0,,Water bodies within the city limits,https://data.cityoforlando.net/d/bryb-dk2u,,2026-10-05
3ypu-438f,New Residential Developments,filter,Permitting,,2026-10-05T19:30:15.000Z,2019-12-05T20:30:12.000Z,31,final_date; temp_coo_date; contractor_phone_number; processed_date; permit_number; application_type; commissioner_district; day_to_issuance; pdoxbatch_date; issue_permit_date; pending_issuance_date; geocoded_column; collect_permit_fees_date; of_pdoxwkflw; of_cycles; review_started_including; review_started_date_excluding; prescreen_completed_date; under_review_date; estimated_cost; plan_review_type; contractor_address; contractor_name; contractor; parcel_owner_name; property_owner_name; permit_address; coc_date; coo_date; parcel_number; worktype,Permit Applications received and processed into the economic development information system. Applications are updated daily.,https://data.cityoforlando.net/d/3ypu-438f,,2026-10-05
8acd-abi8,City Owned Vacant Lots Map,map,,,2026-02-04T18:23:14.000Z,2022-07-29T02:56:00.000Z,0,,,https://data.cityoforlando.net/d/8acd-abi8,,2026-10-05
spid-gb7h,OPD Districts,map,,,2023-06-07T08:56:10.000Z,2021-04-22T12:47:25.000Z,0,,,https://data.cityoforlando.net/d/spid-gb7h,,2026-10-05
5pzm-dn5w,Summerdale Park Permits,filter,Permitting,,2026-10-05T19:30:15.000Z,2022-01-26T12:15:04.000Z,31,pending_issuance_date; geocoded_column; collect_permit_fees_date; of_pdoxwkflw; of_cycles; review_started_including; review_started_date_excluding; prescreen_completed_date; contractor_name; property_owner_name; permit_address; worktype; parcel_number; coc_date; application_type; permit_number; processed_date; coo_date; under_review_date; estimated_cost; plan_review_type; contractor_phone_number; contractor_address; temp_coo_date; final_date; contractor; parcel_owner_name; commissioner_district; day_to_issuance; pdoxbatch_date; issue_permit_date,Permit Applications for Summerdale Park received and processed into the economic development information system. Applications are updated daily.,https://data.cityoforlando.net/d/5pzm-dn5w,,2026-10-05
vu92-xque,Untitled Visualization - Based on OPD Officer-Involved Shootings,visualization,Orlando Police,,2025-07-14T15:12:41.000Z,2017-05-01T13:14:38.000Z,0,,This Data includes all officer-involved shootings since 2009.  Transparency is a priority for the Orlando Police Department and we will continue to include more information in this Dataset.<br /><br />Starting in 2014 Chief of Police John W. Mina mandated that all officer-involved shooting investiga,https://data.cityoforlando.net/d/vu92-xque,,2026-10-05
5rgv-9gb7,Orlando City Limits,map,,,2026-07-09T19:49:53.000Z,2021-04-22T12:47:37.000Z,0,,,https://data.cityoforlando.net/d/5rgv-9gb7,,2026-10-05
82ki-rtwz,Abc Learning Center & Child Care,filter,Permitting,,2026-10-05T19:30:18.000Z,2019-12-13T15:10:44.000Z,12,received_date; license_type; geocoded_column; business_address; last_licensed_issue_date; case_number; business_open_date; license_status; business_name; phone; business_owner_name; business_mailing_address,"This data set includes all business tax receipts issued by Permitting Services since 2010. The Business Tax Receipts because they are operating multiple types of businesses. For more information visit CityofOrlando.net/permits Disclaimer: The data is derived from the Economic Development Platform, w",https://data.cityoforlando.net/d/82ki-rtwz,,2026-10-05
kcs2-ryv9,Code Enforcement Cases by District/Neighborhood,chart,Economic Development,,2026-10-05T19:30:38.000Z,2022-06-02T14:50:36.000Z,0,,Detail on Code Enforcement Cases opened in the City of Orlando over the last rolling 5 years.  Includes all Case Types and all Case Statuses. Information source is the Economic Development Information System. Refreshed weekly.,https://data.cityoforlando.net/d/kcs2-ryv9,,2026-10-05
ti85-ew5r,BEWES Data by ENERGY STAR Score,map,,,2024-05-06T21:33:12.000Z,2019-09-19T14:19:28.000Z,0,,The City believes that benchmarking is an important best management practice and public disclosure of building energy performance promotes transparency and accountability. Sharing benchmarking data on a large scale will open up a conversation among all stakeholders and allow everyone to work toward ,https://data.cityoforlando.net/d/ti85-ew5r,,2026-10-05
mdeq-p94i,Orlando Annexations,map,,,2026-07-08T10:29:00.000Z,2021-04-22T12:47:43.000Z,0,,,https://data.cityoforlando.net/d/mdeq-p94i,,2026-10-05
cjrh-emwu,Last 3 Months: New Code Enforcement Cases,map,Economic Development,,2026-10-05T19:30:38.000Z,2022-01-05T15:48:49.000Z,0,,Dataset of all Code Enforcement Cases opened in the City of Orlando from 1/1/2018 - Update date.  Includes all Case Types and all Case Statuses. Information source is the Economic Development Information System. Refreshed weekly.,https://data.cityoforlando.net/d/cjrh-emwu,,2026-10-05
vfr7-dtbh,Orlando Commissioner Districts,map,,,2026-05-06T00:18:00.000Z,2021-04-22T12:47:43.000Z,0,,,https://data.cityoforlando.net/d/vfr7-dtbh,,2026-10-05
76hc-6gfv,Billy - (2/1) Filtered,map,Permitting,,2026-10-05T19:30:15.000Z,2022-02-01T17:41:59.000Z,0,,Permit Applications received and processed into the economic development information system. Applications are updated daily.,https://data.cityoforlando.net/d/76hc-6gfv,,2026-10-05
kjvy-46nv,Home Updates,filter,Permitting,,2026-10-05T19:30:15.000Z,2022-03-15T18:02:12.000Z,31,issue_permit_date; property_owner_name; plan_review_type; estimated_cost; under_review_date; prescreen_completed_date; review_started_date_excluding; review_started_including; of_cycles; of_pdoxwkflw; collect_permit_fees_date; geocoded_column; pending_issuance_date; permit_address; pdoxbatch_date; day_to_issuance; contractor_address; contractor_phone_number; commissioner_district; permit_number; application_type; parcel_number; worktype; final_date; processed_date; contractor_name; contractor; parcel_owner_name; temp_coo_date; coo_date; coc_date,Permit Applications received and processed into the economic development information system. Applications are updated daily.,https://data.cityoforlando.net/d/kjvy-46nv,,2026-10-05
y8en-hs9p,Permit Issuance Times by Construction Value and Worktype,chart,Permitting,,2026-10-05T19:30:15.000Z,2019-05-17T19:14:36.000Z,0,,Permit Applications received and processed into the economic development information system. Applications are updated daily.,https://data.cityoforlando.net/d/y8en-hs9p,,2026-10-05
ax5w-8xzi,Building Permit Applications Issued 2018-2021,chart,Permitting,,2026-10-05T19:30:15.000Z,2021-10-01T14:53:58.000Z,0,,Permit Applications received and processed into the economic development information system. Applications are updated daily.,https://data.cityoforlando.net/d/ax5w-8xzi,,2026-10-05
au6m-tu35,Last 3 Months: Types of Cases Opened,chart,Economic Development,,2026-10-05T19:30:38.000Z,2022-01-05T16:10:09.000Z,0,,Dataset of all Code Enforcement Cases opened in the City of Orlando from 1/1/2018 - Update date.  Includes all Case Types and all Case Statuses. Information source is the Economic Development Information System. Refreshed weekly.,https://data.cityoforlando.net/d/au6m-tu35,,2026-10-05
adpi-29a3,Orlando City Limits,dataset,,,2026-07-09T19:49:53.000Z,2021-04-22T12:47:35.000Z,5,areaname; object_id; shape_area; the_geom; shape_len,,https://data.cityoforlando.net/d/adpi-29a3,https://data.cityoforlando.net/resource/adpi-29a3.json,2026-10-05
6sbc-v4b9,"Use Permit Applications: Right of Way, Sidewalk Café",dataset,Permitting,,2026-10-05T19:30:55.000Z,2024-04-18T19:56:05.000Z,36,transp_eng_reviews; project_name; application_type; permit_status; community_redev_area; application_date; primary_contact_email; primary_contact_name; address; comments; primary_contact_phone; mainstreet_district; location; site_reviews; last_action_date; planning_reviews; issued_date; traffic_control_reviews; work_type; primary_capacity; final_date; service_provider; company; contractor; project_dox_contact; owner; start_date; gpsx; expiration_date; application_milestone; permit_number; gpsy; primary_contact_company; neighborhood; commissioner_district; end_date,"Use Permit Applications: Right of Way, Sidewalk Café",https://data.cityoforlando.net/d/6sbc-v4b9,https://data.cityoforlando.net/resource/6sbc-v4b9.json,2026-10-05
4383-f2qu,BEWES Data by Site EUI,map,,,2024-05-06T21:33:12.000Z,2019-09-19T14:14:24.000Z,0,,The City believes that benchmarking is an important best management practice and public disclosure of building energy performance promotes transparency and accountability. Sharing benchmarking data on a large scale will open up a conversation among all stakeholders and allow everyone to work toward ,https://data.cityoforlando.net/d/4383-f2qu,,2026-10-05
yskk-n7cw,Orlando Neighborhoods,dataset,,,2026-07-08T09:33:41.000Z,2021-04-22T12:47:42.000Z,7,neighborhoodname; shape_len; the_geom; neighborhoodid; shape_area; object_id; color,,https://data.cityoforlando.net/d/yskk-n7cw,https://data.cityoforlando.net/resource/yskk-n7cw.json,2026-10-05
wyvv-m7aw,Active Code Enforcement Cases - Milk District,map,Economic Development,,2026-10-05T19:30:38.000Z,2021-11-03T18:49:14.000Z,0,,Dataset of all Code Enforcement Cases opened in the City of Orlando from 1/1/2018 - Update date.  Includes all Case Types and all Case Statuses. Information source is the Economic Development Information System. Refreshed weekly.,https://data.cityoforlando.net/d/wyvv-m7aw,,2026-10-05
vs54-42b5,OrlandoCityLimits,dataset,Government/General,,2020-11-06T17:35:53.000Z,2015-10-29T22:17:39.000Z,2,the_geom; area_name,City Limit boundaries as adopted by City Council on 07/24/1995; Doc #28654; containing individual annexations adopted by City Council adding to the boundary.,https://data.cityoforlando.net/d/vs54-42b5,https://data.cityoforlando.net/resource/vs54-42b5.json,2026-10-05
sv9x-fbqa,DF Tidewaters,filter,Permitting,,2026-10-05T19:30:15.000Z,2022-03-15T18:25:42.000Z,31,pdoxbatch_date; geocoded_column; collect_permit_fees_date; of_pdoxwkflw; of_cycles; review_started_including; review_started_date_excluding; prescreen_completed_date; under_review_date; processed_date; estimated_cost; plan_review_type; contractor_phone_number; contractor_address; contractor_name; contractor; parcel_owner_name; property_owner_name; commissioner_district; day_to_issuance; issue_permit_date; pending_issuance_date; permit_number; application_type; parcel_number; worktype; final_date; temp_coo_date; coo_date; coc_date; permit_address,Permit Applications received and processed into the economic development information system. Applications are updated daily.,https://data.cityoforlando.net/d/sv9x-fbqa,,2026-10-05
qptt-zrhf,OPD Districts,dataset,,,2023-06-07T08:56:10.000Z,2021-04-22T12:47:22.000Z,11,operatorid; division; district; sector; id; object_id; color; shape_len; shape_area; the_geom; maintenancedate,,https://data.cityoforlando.net/d/qptt-zrhf,https://data.cityoforlando.net/resource/qptt-zrhf.json,2026-10-05
bmxk-qtq4,HeatMap,map,Permitting,,2026-10-05T19:30:15.000Z,2023-01-03T19:45:33.000Z,0,,Permit Applications received and processed into the economic development information system. Applications are updated daily.,https://data.cityoforlando.net/d/bmxk-qtq4,,2026-10-05
j3uy-fhhx,OrlandoHydrology,dataset,Government/General,,2016-03-24T20:47:37.000Z,2015-10-30T15:16:48.000Z,4,hydroname; hydrotype; feattype; the_geom,Water bodies within the city limits,https://data.cityoforlando.net/d/j3uy-fhhx,https://data.cityoforlando.net/resource/j3uy-fhhx.json,2026-10-05
u9mk-bwhq,Code Enforcement Cases opened in the last 12 months,chart,Economic Development,,2026-10-05T19:30:38.000Z,2023-02-03T14:03:32.000Z,0,,Detail on Code Enforcement Cases opened in the City of Orlando over the last rolling 5 years.  Includes all Case Types and all Case Statuses. Information source is the Economic Development Information System. Refreshed daily.,https://data.cityoforlando.net/d/u9mk-bwhq,,2026-10-05
tqht-u5vj,Surrounding SP Homes,filter,Permitting,,2026-10-05T19:30:15.000Z,2022-04-14T15:30:28.000Z,31,pending_issuance_date; issue_permit_date; pdoxbatch_date; day_to_issuance; plan_review_type; review_started_including; application_type; permit_number; geocoded_column; collect_permit_fees_date; of_pdoxwkflw; of_cycles; review_started_date_excluding; prescreen_completed_date; under_review_date; processed_date; estimated_cost; contractor_phone_number; contractor_address; contractor_name; worktype; parcel_number; contractor; parcel_owner_name; property_owner_name; permit_address; coc_date; coo_date; temp_coo_date; final_date; commissioner_district,Permit Applications received and processed into the economic development information system. Applications are updated daily.,https://data.cityoforlando.net/d/tqht-u5vj,,2026-10-05
iy8d-dzv4,Orlando Commissioner Districts,dataset,,,2026-05-06T00:18:00.000Z,2021-04-22T12:47:40.000Z,6,shape_len; shape_area; commissionerdistrictid; commissionername; the_geom; object_id,,https://data.cityoforlando.net/d/iy8d-dzv4,https://data.cityoforlando.net/resource/iy8d-dzv4.json,2026-10-05
k8kh-wsv5,Code Enforcement Cases by Source - last 365 days,chart,Economic Development,,2026-10-05T19:30:38.000Z,2023-02-02T21:46:57.000Z,0,,Detail on Code Enforcement Cases opened in the City of Orlando over the last rolling 5 years.  Includes all Case Types and all Case Statuses. Information source is the Economic Development Information System. Refreshed weekly.,https://data.cityoforlando.net/d/k8kh-wsv5,,2026-10-05
dnki-2im5,OrlandoStreetCenterlines,dataset,Government/General,,2020-11-06T18:01:20.000Z,2015-10-30T14:39:07.000Z,31,lt_address; st_suffix; st_type; st_name; st_dir; speed; r_map_page; l_map_page; route; maint_date; comments; rt_city_code; rt_address; lt_city_code; nsfc; segment_num; to_right; from_right; to_left; from_left; street_name; from_node; built_unbui; st_rec_id; to_node; t_zlev; one_way; f_zlev; category; operator_id; the_geom,"Inventory and geographic location of known public and private streets within Orlando.  This dataset was compiled using aerial photography, platted subdivisions, surveys and other recorded instruments.",https://data.cityoforlando.net/d/dnki-2im5,https://data.cityoforlando.net/resource/dnki-2im5.json,2026-10-05
jg52-dz4p,Orlando Annexations,dataset,,,2026-07-08T10:29:00.000Z,2021-04-22T12:47:40.000Z,11,shape_len; annexationdate; year; propertydescription; the_geom; effectivedate; annexationdocumentnumber; comments; legaldescriptionacres; object_id; shape_area,,https://data.cityoforlando.net/d/jg52-dz4p,https://data.cityoforlando.net/resource/jg52-dz4p.json,2026-10-05
2jmu-98fr,Election Timeline,dataset,,,2020-03-04T19:38:40.000Z,2020-03-04T19:35:05.000Z,3,version; date; task,,https://data.cityoforlando.net/d/2jmu-98fr,https://data.cityoforlando.net/resource/2jmu-98fr.json,2026-10-05
q6r7-phcr,Orlando Neighborhoods,map,,,2026-07-08T09:33:41.000Z,2021-04-22T12:47:45.000Z,0,,,https://data.cityoforlando.net/d/q6r7-phcr,,2026-10-05
ehcf-27e5,OrlandoNeighborhoods,dataset,Government/General,,2020-11-06T17:56:13.000Z,2015-10-30T14:07:11.000Z,5,neigh_name; cluster_id; the_geom; color; neigh_id,"Neighborhoods as defined by representatives of Planning, Office of Communications and Neighborhood Relations and District Commissioners; having a large identifiable residential area with supporting commercial and civic uses.",https://data.cityoforlando.net/d/ehcf-27e5,https://data.cityoforlando.net/resource/ehcf-27e5.json,2026-10-05
93h8-qfdv,Last 3 Months: Status of Cases,chart,Economic Development,,2026-10-05T19:30:38.000Z,2022-01-05T15:57:53.000Z,0,,Dataset of all Code Enforcement Cases opened in the City of Orlando from 1/1/2018 - Update date.  Includes all Case Types and all Case Statuses. Information source is the Economic Development Information System. Refreshed weekly.,https://data.cityoforlando.net/d/93h8-qfdv,,2026-10-05
7aqx-cm5f,Most Common Code Enforcement Case Types in the Last Year,chart,Economic Development,,2026-10-05T19:30:38.000Z,2023-02-02T21:39:38.000Z,0,,Detail on Code Enforcement Cases opened in the City of Orlando over the last rolling 5 years.  Includes all Case Types and all Case Statuses. Information source is the Economic Development Information System. Refreshed weekly.,https://data.cityoforlando.net/d/7aqx-cm5f,,2026-10-05
t6ka-5u7v,Urban Job Tax Credit Program,dataset,Economic Development,,2021-08-25T14:38:19.000Z,2021-01-19T22:06:09.000Z,4,objectid; nominated_area; the_geom; globalid,,https://data.cityoforlando.net/d/t6ka-5u7v,https://data.cityoforlando.net/resource/t6ka-5u7v.json,2026-10-05
r7gq-v4d2,test,filter,,,2026-02-04T18:23:14.000Z,2024-07-19T21:02:57.000Z,22,survey; :@computed_region_bgqw_styj; :@computed_region_gsfg_ku74; :@computed_region_u8wz_9eai; department; disposition_status; lot_dimensions_feet; geocoded_column; max_far_excl_garage; notes; status; property_id; n_s; address; address_notes; lot_size_acres; lot_size_sqft; platted_y_n; district; parcel; zoning; conforming_lot_58_1152,,https://data.cityoforlando.net/d/r7gq-v4d2,,2026-10-05
jznj-5d5z,Urban Job Tax Credit Program,map,Economic Development,,2021-08-25T14:38:19.000Z,2021-01-19T22:06:11.000Z,0,,Orlando Main Street Districts,https://data.cityoforlando.net/d/jznj-5d5z,,2026-10-05
852k-nyqg,OPD SubGrids,dataset,,,2021-07-24T22:38:17.000Z,2021-04-22T12:47:35.000Z,8,id; objectid; shape_area; shape_len; the_geom; subgrid; grid; subgridid,OPD Subgrids,https://data.cityoforlando.net/d/852k-nyqg,https://data.cityoforlando.net/resource/852k-nyqg.json,2026-10-05
m6e2-i9by,OPD Grids,dataset,,,2021-07-24T22:37:52.000Z,2021-04-22T12:47:28.000Z,6,the_geom; shape_area; grid; id; objectid; shape_len,Grids for defining OPD areas,https://data.cityoforlando.net/d/m6e2-i9by,https://data.cityoforlando.net/resource/m6e2-i9by.json,2026-10-05
ukjt-5sj3,OPD Divisions,dataset,,,2023-06-06T22:48:04.000Z,2021-04-22T12:47:17.000Z,8,operatorid; shape_area; division; maintenancedate; id; the_geom; object_id; shape_len,,https://data.cityoforlando.net/d/ukjt-5sj3,https://data.cityoforlando.net/resource/ukjt-5sj3.json,2026-10-05
2qd6-4dua,OPD Divisions,map,,,2023-06-06T22:48:04.000Z,2021-04-22T12:47:20.000Z,0,,,https://data.cityoforlando.net/d/2qd6-4dua,,2026-10-05
dtxu-3vh2,OrlandoCommissionDistrictDivider_2002_2012,dataset,Government/General,,2020-11-06T18:03:01.000Z,2015-10-30T14:14:30.000Z,3,the_geom; comm_dist_id; comm_name,Commissioner Districts as adopted by City Council on 10/31/2011; Doc #1110311102; effective for term beginning 06/01/2012.,https://data.cityoforlando.net/d/dtxu-3vh2,https://data.cityoforlando.net/resource/dtxu-3vh2.json,2026-10-05
ah2i-qpc9,OPD Sectors,dataset,,,2023-03-07T10:37:51.000Z,2021-04-22T12:47:20.000Z,8,object_id; id; maintenancedate; shape_area; sector; the_geom; shape_len; operatorid,,https://data.cityoforlando.net/d/ah2i-qpc9,https://data.cityoforlando.net/resource/ah2i-qpc9.json,2026-10-05
h49j-rup7,OPD Sectors,map,,,2023-03-07T10:37:51.000Z,2021-04-22T12:47:23.000Z,0,,,https://data.cityoforlando.net/d/h49j-rup7,,2026-10-05
88fk-q5p9,OPD Stations,map,,,2021-07-24T22:38:02.000Z,2021-04-22T12:47:36.000Z,0,,,https://data.cityoforlando.net/d/88fk-q5p9,,2026-10-05
9qsb-z4g8,OPD SubGrids,map,,,2021-07-24T22:38:17.000Z,2021-04-22T12:47:37.000Z,0,,OPD Subgrids,https://data.cityoforlando.net/d/9qsb-z4g8,,2026-10-05
83pd-zx8d,OPD Stations,dataset,,,2021-07-24T22:38:02.000Z,2021-04-22T12:47:33.000Z,10,address; maintenancedate; station; num; type; gen_location; the_geom; status; operatorid; objectid,,https://data.cityoforlando.net/d/83pd-zx8d,https://data.cityoforlando.net/resource/83pd-zx8d.json,2026-10-05
7nnd-zzgt,OPD Grids,map,,,2021-07-24T22:37:52.000Z,2021-04-22T12:47:31.000Z,0,,Grids for defining OPD areas,https://data.cityoforlando.net/d/7nnd-zzgt,,2026-10-05
pehz-qmim,City Owned Vacant Lots,filter,,,2026-02-04T18:23:14.000Z,2025-11-03T16:41:48.000Z,19,conforming_lot_58_1152; platted_y_n; zoning; lot_dimensions_feet; max_far_excl_garage; status; geocoded_column; lot_size_sqft; address; property_id; department; survey; district; parcel; lot_size_acres; notes; address_notes; n_s; disposition_status,,https://data.cityoforlando.net/d/pehz-qmim,,2026-10-05
3dch-gi7b,Untitled Visualization - Based on OPD Officer-Involved Shootings,visualization,Orlando Police,,2025-07-14T15:12:41.000Z,2017-05-01T13:13:40.000Z,0,,This Data includes all officer-involved shootings since 2009.  Transparency is a priority for the Orlando Police Department and we will continue to include more information in this Dataset.<br /><br />Starting in 2014 Chief of Police John W. Mina mandated that all officer-involved shooting investiga,https://data.cityoforlando.net/d/3dch-gi7b,,2026-10-05
