id,nombre,licencia,enlace_licencia,licencia_id,atribucion,categoria,filas_actualizadas,http_datos,tipo_contenido,filas_muestra,url_json,url_csv,fecha_prueba,error
ryhf-m453,Permit Applications,,,,,Permitting,2026-10-05,200,application/json;charset=utf-8,5,https://data.cityoforlando.net/resource/ryhf-m453.json,https://data.cityoforlando.net/resource/ryhf-m453.csv,2026-10-06,
6kz6-6c7n,OPD Officer-Involved Shootings,,,,Orlando Police Department,Orlando Police,2025-07-14,200,application/json;charset=utf-8,5,https://data.cityoforlando.net/resource/6kz6-6c7n.json,https://data.cityoforlando.net/resource/6kz6-6c7n.csv,2026-10-06,
7388-4re5,Business Tax Receipts,,,,,Permitting,2026-10-05,200,application/json;charset=utf-8,5,https://data.cityoforlando.net/resource/7388-4re5.json,https://data.cityoforlando.net/resource/7388-4re5.csv,2026-10-06,
bkpt-5h2w,City Owned Vacant Lots,,,,Real Estate Management Division,,2026-02-04,200,application/json;charset=utf-8,5,https://data.cityoforlando.net/resource/bkpt-5h2w.json,https://data.cityoforlando.net/resource/bkpt-5h2w.csv,2026-10-06,
k6e8-nw6w,Code Enforcement Cases,,,,,Economic Development,2026-10-05,200,application/json;charset=utf-8,5,https://data.cityoforlando.net/resource/k6e8-nw6w.json,https://data.cityoforlando.net/resource/k6e8-nw6w.csv,2026-10-06,
f63n-kp6t,BEWES Building Data,,,,,,2024-05-06,200,application/json;charset=utf-8,5,https://data.cityoforlando.net/resource/f63n-kp6t.json,https://data.cityoforlando.net/resource/f63n-kp6t.csv,2026-10-06,
ssrj-rbua,Short Term Rental Licenses,,,,City of Orlando,Permitting,2026-10-05,200,application/json;charset=utf-8,5,https://data.cityoforlando.net/resource/ssrj-rbua.json,https://data.cityoforlando.net/resource/ssrj-rbua.csv,2026-10-06,
bhxy-4rji,Planning Applications,,,,City of Orlando,Permitting,2026-10-05,200,application/json;charset=utf-8,5,https://data.cityoforlando.net/resource/bhxy-4rji.json,https://data.cityoforlando.net/resource/bhxy-4rji.csv,2026-10-06,
hjcw-y8yw,Lobbyist Listings,,,,,Citywide,2021-11-22,200,application/json;charset=utf-8,5,https://data.cityoforlando.net/resource/hjcw-y8yw.json,https://data.cityoforlando.net/resource/hjcw-y8yw.csv,2026-10-06,
adpi-29a3,Orlando City Limits,,,,,,2026-07-09,200,application/json;charset=utf-8,1,https://data.cityoforlando.net/resource/adpi-29a3.json,https://data.cityoforlando.net/resource/adpi-29a3.csv,2026-10-06,
6sbc-v4b9,"Use Permit Applications: Right of Way, Sidewalk Café",,,,,Permitting,2026-10-05,200,application/json;charset=utf-8,5,https://data.cityoforlando.net/resource/6sbc-v4b9.json,https://data.cityoforlando.net/resource/6sbc-v4b9.csv,2026-10-06,
yskk-n7cw,Orlando Neighborhoods,,,,,,2026-07-08,200,application/json;charset=utf-8,5,https://data.cityoforlando.net/resource/yskk-n7cw.json,https://data.cityoforlando.net/resource/yskk-n7cw.csv,2026-10-06,
vs54-42b5,OrlandoCityLimits,,,,,Government/General,2020-11-06,200,application/json;charset=utf-8,1,https://data.cityoforlando.net/resource/vs54-42b5.json,https://data.cityoforlando.net/resource/vs54-42b5.csv,2026-10-06,
qptt-zrhf,OPD Districts,,,,,,2023-06-07,200,application/json;charset=utf-8,5,https://data.cityoforlando.net/resource/qptt-zrhf.json,https://data.cityoforlando.net/resource/qptt-zrhf.csv,2026-10-06,
j3uy-fhhx,OrlandoHydrology,,,,,Government/General,2016-03-24,200,application/json;charset=utf-8,5,https://data.cityoforlando.net/resource/j3uy-fhhx.json,https://data.cityoforlando.net/resource/j3uy-fhhx.csv,2026-10-06,
iy8d-dzv4,Orlando Commissioner Districts,,,,,,2026-05-05,200,application/json;charset=utf-8,5,https://data.cityoforlando.net/resource/iy8d-dzv4.json,https://data.cityoforlando.net/resource/iy8d-dzv4.csv,2026-10-06,
dnki-2im5,OrlandoStreetCenterlines,,,,,Government/General,2020-11-06,200,application/json;charset=utf-8,5,https://data.cityoforlando.net/resource/dnki-2im5.json,https://data.cityoforlando.net/resource/dnki-2im5.csv,2026-10-06,
jg52-dz4p,Orlando Annexations,,,,,,2026-07-08,200,application/json;charset=utf-8,5,https://data.cityoforlando.net/resource/jg52-dz4p.json,https://data.cityoforlando.net/resource/jg52-dz4p.csv,2026-10-06,
2jmu-98fr,Election Timeline,,,,,,2020-03-04,200,application/json;charset=utf-8,2,https://data.cityoforlando.net/resource/2jmu-98fr.json,https://data.cityoforlando.net/resource/2jmu-98fr.csv,2026-10-06,
ehcf-27e5,OrlandoNeighborhoods,,,,,Government/General,2020-11-06,200,application/json;charset=utf-8,5,https://data.cityoforlando.net/resource/ehcf-27e5.json,https://data.cityoforlando.net/resource/ehcf-27e5.csv,2026-10-06,
t6ka-5u7v,Urban Job Tax Credit Program,,,,Orlando EDV,Economic Development,2021-08-25,200,application/json;charset=utf-8,1,https://data.cityoforlando.net/resource/t6ka-5u7v.json,https://data.cityoforlando.net/resource/t6ka-5u7v.csv,2026-10-06,
852k-nyqg,OPD SubGrids,,,,,,2021-07-24,200,application/json;charset=utf-8,5,https://data.cityoforlando.net/resource/852k-nyqg.json,https://data.cityoforlando.net/resource/852k-nyqg.csv,2026-10-06,
m6e2-i9by,OPD Grids,,,,,,2021-07-24,200,application/json;charset=utf-8,5,https://data.cityoforlando.net/resource/m6e2-i9by.json,https://data.cityoforlando.net/resource/m6e2-i9by.csv,2026-10-06,
ukjt-5sj3,OPD Divisions,,,,,,2023-06-06,200,application/json;charset=utf-8,5,https://data.cityoforlando.net/resource/ukjt-5sj3.json,https://data.cityoforlando.net/resource/ukjt-5sj3.csv,2026-10-06,
dtxu-3vh2,OrlandoCommissionDistrictDivider_2002_2012,,,,,Government/General,2020-11-06,200,application/json;charset=utf-8,5,https://data.cityoforlando.net/resource/dtxu-3vh2.json,https://data.cityoforlando.net/resource/dtxu-3vh2.csv,2026-10-06,
ah2i-qpc9,OPD Sectors,,,,,,2023-03-07,200,application/json;charset=utf-8,5,https://data.cityoforlando.net/resource/ah2i-qpc9.json,https://data.cityoforlando.net/resource/ah2i-qpc9.csv,2026-10-06,
83pd-zx8d,OPD Stations,,,,,,2021-07-24,200,application/json;charset=utf-8,5,https://data.cityoforlando.net/resource/83pd-zx8d.json,https://data.cityoforlando.net/resource/83pd-zx8d.csv,2026-10-06,
